{
  "project_info": {
    "project_number": "1000836817716",
    "firebase_url": "https://health-calendar-3778e.firebaseio.com",
    "project_id": "health-calendar-3778e",
    "storage_bucket": "health-calendar-3778e.appspot.com"
  },
  "client": [
    {
      "client_info": {
        "mobilesdk_app_id": "1:1000836817716:android:c672429c10b292e9293b61",
        "android_client_info": {
          "package_name": "com.example.health_calendar"
        }
      },
      "oauth_client": [
        {
          "client_id": "1000836817716-vc0b6hqrufju1r75sbvpveapgj1v1pu1.apps.googleusercontent.com",
          "client_type": 3
        }
      ],
      "api_key": [
        {
          "current_key": "AIzaSyCU9OEDy-6tWRpf_TXFipiVNdVur8_emV4"
        }
      ],
      "services": {
        "appinvite_service": {
          "other_platform_oauth_client": [
            {
              "client_id": "1000836817716-vc0b6hqrufju1r75sbvpveapgj1v1pu1.apps.googleusercontent.com",
              "client_type": 3
            }
          ]
        }
      }
    }
  ],
  "configuration_version": "1"
}